﻿<?xml version="1.0" encoding="utf-8" standalone="no"?>
<manifest identifier="_66gVrgW0zs6" version="1.3" xmlns="http://www.imsglobal.org/xsd/imscp_v1p1" xmlns:adlcp="http://www.adlnet.org/xsd/adlcp_v1p3" xmlns:adlseq="http://www.adlnet.org/xsd/adlseq_v1p3" xmlns:adlnav="http://www.adlnet.org/xsd/adlnav_v1p3" xmlns:imsss="http://www.imsglobal.org/xsd/imsss" xmlns:xsi="http://www.w3.org/2001/XMLSchema-instance" xsi:schemaLocation="http://www.imsglobal.org/xsd/imscp_v1p1 imscp_v1p1.xsd
                        http://www.adlnet.org/xsd/adlcp_v1p3 adlcp_v1p3.xsd
                        http://www.adlnet.org/xsd/adlseq_v1p3 adlseq_v1p3.xsd
                        http://www.adlnet.org/xsd/adlnav_v1p3 adlnav_v1p3.xsd
                        http://www.imsglobal.org/xsd/imsss imsss_v1p0.xsd">
  <metadata>
    <schema>ADL SCORM</schema>
    <schemaversion>CAM 1.3</schemaversion>
    <adlcp:location>metadata.xml</adlcp:location>
  </metadata>
  <organizations default="Helping_Veterans_with_Benefits_Using_Inclusive_Spaces_ORG">
    <organization identifier="Helping_Veterans_with_Benefits_Using_Inclusive_Spaces_ORG" adlseq:objectivesGlobalToSystem="false">
      <title>Helping Veterans with Benefits Using Inclusive Spaces</title>
      <item identifier="Veterans_SCO" identifierref="__66gVrgW0zs6_RES" isvisible="true">
        <title>Helping Veterans with Benefits Using Inclusive Spaces</title>
      </item>
      <metadata>
        <adlcp:location>metadata.xml</adlcp:location>
      </metadata>
      <imsss:sequencing>
        <imsss:controlMode choice="true" flow="true" />
        <imsss:deliveryControls tracked="true" completionSetByContent="false" objectiveSetByContent="false" />
      </imsss:sequencing>
    </organization>
  </organizations>
  <resources>
    <resource identifier="__66gVrgW0zs6_RES" type="webcontent" adlcp:scormType="sco" href="index_lms.html">
      <file href="story_content/thumbnail.jpg" />
      <file href="story_content/5fyHo5wKbuQ_44100_48_0.mp3" />
      <file href="story_content/6iV4qRtXwbo_44100_48_0.mp3" />
      <file href="story_content/5yzec4n49Tl.html" />
      <file href="mobile/5yzec4n49Tl6QCCoKYM27P{Width=413.1666, Height=320}Light_DX826_DY826_CX413_CY320.jpg" />
      <file href="story_content/6EEmtLa8lDZ.html" />
      <file href="mobile/6EEmtLa8lDZ6AwQHEcOR9s{Width=418.6667, Height=314}Light_DX838_DY838_CX419_CY314.jpg" />
      <file href="story_content/6U1L3escqml_44100_48_0.mp3" />
      <file href="story_content/63OUQ4csoUo_44100_48_0.mp3" />
      <file href="mobile/6j77eWKaGjk_P_0_58_542_212_DX1560_DY1560_CX542_CY212.png" />
      <file href="story_content/6r4kqWsAYJ1_44100_48_0.mp3" />
      <file href="mobile/6IidskQBH5O_P_0_0_825_392_DX1072_DY1072_CX825_CY393.png" />
      <file href="mobile/6mKGvLFTs2p_P_0_0_2048_817_DX1280_DY1280_CX1007_CY402.jpg" />
      <file href="story_content/6M4lYQqixIC_44100_48_0.mp3" />
      <file href="mobile/6M7WiupMhJK_DX860_DY860_CX676_CY451.jpg" />
      <file href="story_content/6V2wsvc4DoT_44100_48_0.mp3" />
      <file href="mobile/6D09DOK8EyT_DX876_DY876_CX689_CY459.jpg" />
      <file href="story_content/6ngAqaKLHr1_44100_48_0.mp3" />
      <file href="mobile/6El3H6jPcug_DX840_DY840_CX660_CY440.jpg" />
      <file href="story_content/6egIYjlu81q_44100_48_0.mp3" />
      <file href="mobile/5bLwRrFohx8_P_0_0_2048_982_DX1242_DY1242_CX977_CY469.jpg" />
      <file href="story_content/5lTg9zwgQoS_44100_48_0.mp3" />
      <file href="story_content/67wen1cP1xk_44100_48_0.mp3" />
      <file href="story_content/6CSG45Vfzmb_44100_48_0.mp3" />
      <file href="mobile/6j77eWKaGjk_P_0_58_542_344_DX1560_DY1560_CX542_CY345.png" />
      <file href="story_content/6VSCF1bfR83_44100_48_0.mp3" />
      <file href="story_content/6icALwNsPzV_44100_48_0.mp3" />
      <file href="mobile/6IidskQBH5O_DX1072_DY1072_CX706_CY471.png" />
      <file href="mobile/6mKGvLFTs2p_DX1280_DY1280_CX1005_CY670.jpg" />
      <file href="story_content/6PCoUr7evKd_44100_48_0.mp3" />
      <file href="mobile/5bLwRrFohx8_DX1242_DY1242_CX977_CY651.jpg" />
      <file href="story_content/6DPedc6sEgl_44100_48_0.mp3" />
      <file href="story_content/6Rij7WYm2HT_44100_48_0.mp3" />
      <file href="story_content/6kRXG97E963_44100_48_0.mp3" />
      <file href="story_content/5wVf9eRzRi5_44100_48_0.mp3" />
      <file href="meta.xml" />
      <file href="story_content/user.js" />
      <file href="mobile/Slide5XwDqOnAoEU.jpg" />
      <file href="mobile/Slide6Hm5lh0Iguf.jpg" />
      <file href="mobile/Slide64Z6TJP5LlS.jpg" />
      <file href="mobile/Slide6fVoHgmRQ1v.jpg" />
      <file href="mobile/Slide6LVc9c6Fyn6.jpg" />
      <file href="mobile/Slide631vQvBIdCW.jpg" />
      <file href="mobile/Slide6RKU88H77c1.jpg" />
      <file href="mobile/Slide5zhWnOphXUT.jpg" />
      <file href="mobile/Slide6SqWPV5wOU1.jpg" />
      <file href="mobile/Slide6O0fnsSqOzE.jpg" />
      <file href="mobile/Slide5lYfu6Ey1vf.jpg" />
      <file href="mobile/Slide6KHSJCyARSi.jpg" />
      <file href="mobile/Slide6aVdZPanz17.jpg" />
      <file href="mobile/Slide6HM93nxr3oo.jpg" />
      <file href="mobile/Slide63lWG6MwTxa.jpg" />
      <file href="mobile/Slide5gvGZRQ2AGb.jpg" />
      <file href="mobile/Slide6FZ3tbDJseT.jpg" />
      <file href="mobile/Slide6M2oerStMYA.jpg" />
      <file href="mobile/Slide5ZyVCphIpS7.jpg" />
      <file href="mobile/Slide5caD59pzNJy.jpg" />
      <file href="mobile/Slide6ShsaEEjztX.jpg" />
      <file href="mobile/Slide5UtcTcFVyV0.jpg" />
      <file href="html5/data/css/output.min.css" />
      <file href="html5/data/js/5daWiQgYp28.js" />
      <file href="html5/data/js/5dXHR0KLW82.js" />
      <file href="html5/data/js/5eQRFqFNuSP.js" />
      <file href="html5/data/js/5hZXtXSUGKp.js" />
      <file href="html5/data/js/5oDTGdKWtWc.js" />
      <file href="html5/data/js/5sfdQpk2J4Q.js" />
      <file href="html5/data/js/5v37uweh03b.js" />
      <file href="html5/data/js/5wbQOmsSp3F.js" />
      <file href="html5/data/js/5xMnvvSPvah.js" />
      <file href="html5/data/js/5xN0vVbkSCa.js" />
      <file href="html5/data/js/5yjYYK4vlF7.js" />
      <file href="html5/data/js/620vnod2jH9.js" />
      <file href="html5/data/js/67iuBOCc8A7.js" />
      <file href="html5/data/js/69Av6x5HyfF.js" />
      <file href="html5/data/js/6aemsG1jf9V.js" />
      <file href="html5/data/js/6ctsfBh6Zeq.js" />
      <file href="html5/data/js/6fzW3OxSQCN.js" />
      <file href="html5/data/js/6hKtTkZLz7v.js" />
      <file href="html5/data/js/6IHtV8M6qEE.js" />
      <file href="html5/data/js/6NMbpHCbCyy.js" />
      <file href="html5/data/js/6TGwY6Tv48a.js" />
      <file href="html5/data/js/6XBuJNcbujR.js" />
      <file href="html5/data/js/data.js" />
      <file href="html5/data/js/frame.js" />
      <file href="html5/data/js/paths.js" />
      <file href="html5/lib/scripts/bootstrapper.min.js" />
      <file href="html5/lib/scripts/frame.desktop.min.js" />
      <file href="html5/lib/scripts/frame.mobile.min.js" />
      <file href="html5/lib/scripts/slides.min.js" />
      <file href="html5/lib/stylesheets/desktop.min.css" />
      <file href="html5/lib/stylesheets/mobile.min.css" />
      <file href="html5/lib/stylesheets/mobile-fonts/open-sans-bold.woff" />
      <file href="html5/lib/stylesheets/mobile-fonts/open-sans-light.woff" />
      <file href="html5/lib/stylesheets/mobile-fonts/open-sans-regular.woff" />
      <file href="analytics-frame.html" />
      <file href="story.html" />
      <file href="index_lms.html" />
      <file href="lms/AICCComm.html" />
      <file href="lms/blank.html" />
      <file href="lms/browsersniff.js" />
      <file href="lms/goodbye.html" />
      <file href="lms/scormdriver.js" />
    </resource>
  </resources>
</manifest>