﻿<?xml version="1.0" encoding="utf-8"?><meta xmlns:xsi="http://www.w3.org/2001/XMLSchema-instance" xmlns:xsd="http://www.w3.org/2001/XMLSchema"><project id="6MTAdX87tJ3" courseid="66gVrgW0zs6" thumburl="story_content/thumbnail.jpg" title="Helping Veterans with Benefits Using Inclusive Spaces" datepublished="2022-07-14T19:03:23" version="1.0.0.0" flashdata="story_content/data.swf" html5data="mobile/data.json" mobiledata="mobile/data.gz" enabledownload="false" duration="About 7 minutes" totalaudio="136197" totalvideo="0"><description>Lessons on how to communicate with veterans and individuals connected to the military so that they feel comfortable navigating their benefits. </description><keywords /><slidemeta moniker="slide" monikerplural="slides" viewslides="22" slidecountdescription="22 slides" /><author name="Michael Langdon" email="" website="" /><application name="Articulate Storyline" version="3.17.27621.0" xmlversion="4.0" /></project></meta>