<?xml version="1.0" standalone="no" ?>
<manifest identifier="pipwerksSCORMWrapper_SCORM2004" version="2004" xmlns="http://www.imsglobal.org/xsd/imscp_v1p1"
	xmlns:adlcp="http://www.adlnet.org/xsd/adlcp_v1p3" xmlns:xsi="http://www.w3.org/2001/XMLSchema-instance"
	xmlns:lom="http://ltsc.ieee.org/xsd/LOM" xsi:schemaLocation="http://www.imsglobal.org/xsd/imscp_v1p1 imscp_v1p1.xsd
                        http://www.adlnet.org/xsd/adlcp_v1p3 adlcp_v1p3.xsd 
                        http://ltsc.ieee.org/xsd/LOM lom.xsd">
	<metadata>
		<schema>ADL SCORM</schema>
		<schemaversion>CAM 1.3</schemaversion>
		<lom xmlns="http://ltsc.ieee.org/xsd/LOM">
			<general>
				<identifier>
					<catalog>practiceengineer</catalog>
					<entry>http://practiceengineer.com</entry>
				</identifier>
				<title>
					<string language="en-US">Subject/Verb Agreement Tester by PracticeEngineer</string>
				</title>
				<language>en</language>
				<description>
					<string language="en-US">This assesses your ability to properly match subjects with verbs.</string>
				</description>
				<keyword>
					<string language="en-US">practiceengineer.com</string>
				</keyword>
			</general>
			<lifeCycle>
				<version>
					<string language="en-US">2004</string>
				</version>
				<status>
					<source>LOMv1.0</source>
					<value>final</value>
				</status>
			</lifeCycle>
			<metaMetadata>
				<metadataSchema>LOMv1.0</metadataSchema>
				<metadataSchema>SCORM_CAM_v1.3</metadataSchema>
			</metaMetadata>
			<technical>
				<format>text/html</format>
			</technical>
			<rights>
				<cost>
					<source>LOMv1.0</source>
					<value>no</value>
				</cost>
				<copyrightAndOtherRestrictions>
					<source>LOMv1.0</source>
					<value>yes</value>
				</copyrightAndOtherRestrictions>
			</rights>
			<classification>
				<purpose>
					<source>LOMv1.0</source>
					<value>educational objective</value>
				</purpose>
				<description>
					<string language="en-US">This assesses your ability to match subjects with verbs.</string>
				</description>
				<keyword>
					<string language="en-US">practiceengineer.com</string>
				</keyword>
			</classification>
		</lom>
	</metadata>
	<organizations default="practiceengineer">
		<organization identifier="practiceengineer">
			<title>Subject/Verb Agreement Tester by PracticeEngineer</title>
			<item identifier="pip07" identifierref="pipRef07" isvisible="true">
				<title>Subject/Verb Agreement Tester by PracticeEngineer</title>
			</item>
		</organization>
	</organizations>
	<resources>
		<resource identifier="pipRef07" type="webcontent" adlcp:scormType="sco" href="index.html">
			<file href="index.html" />
			<file href="SCORM_API_wrapper.js" />
			<file href="buzz.min.js" />
			<file href="jquery.js" />
			<file href="ui.jquery.js" />
			<file href="jquery.lettering-0.6.1.min.js" />
			<file href="sentencebuilder.js" />
			<file href="styles.css" />
			<file href="touchpunch.js" />
			<file href="bg.png" />
      <file href="sounds/error.ogg" />
			<file href="sounds/win.ogg" />  
      <file href="css-pop.js"/>
		</resource>
	</resources>
</manifest>